{
  "IcoMoonType": "selection",
  "icons": [
    {
      "icon": {
        "paths": [
          "M1024 590.444l-512-397.426-512 397.428v-162.038l512-397.426 512 397.428zM896 576v384h-256v-256h-256v256h-256v-384l384-288z"
        ],
        "attrs": [],
        "isMulticolor": false,
        "tags": [
          "home",
          "house"
        ],
        "grid": 16
      },
      "attrs": [],
      "properties": {
        "order": 15,
        "prevSize": 16,
        "ligatures": "home, house",
        "name": "home",
        "id": 1,
        "code": 59648
      },
      "setIdx": 0,
      "setId": 0,
      "iconIdx": 0
    },
    {
      "icon": {
        "paths": [
          "M864 0c88.364 0 160 71.634 160 160 0 36.020-11.91 69.258-32 96l-64 64-224-224 64-64c26.742-20.090 59.978-32 96-32zM64 736l-64 288 288-64 592-592-224-224-592 592zM715.578 363.578l-448 448-55.156-55.156 448-448 55.156 55.156z"
        ],
        "attrs": [],
        "isMulticolor": false,
        "tags": [
          "pencil",
          "write",
          "edit"
        ],
        "grid": 16
      },
      "attrs": [],
      "properties": {
        "order": 30,
        "prevSize": 16,
        "ligatures": "pencil, write",
        "name": "pencil",
        "id": 6,
        "code": 59656
      },
      "setIdx": 0,
      "setId": 0,
      "iconIdx": 5
    },
    {
      "icon": {
        "paths": [
          "M384 640l128-64 448-448-64-64-448 448-64 128zM289.3 867.098c-31.632-66.728-65.666-100.762-132.396-132.394l99.096-272.792 128-77.912 384-384h-192l-384 384-192 640 640-192 384-384v-192l-384 384-77.912 128z"
        ],
        "attrs": [],
        "isMulticolor": false,
        "tags": [
          "pencil",
          "write",
          "edit"
        ],
        "grid": 16
      },
      "attrs": [],
      "properties": {
        "order": 31,
        "prevSize": 16,
        "ligatures": "pencil2, write2",
        "name": "pencil2",
        "id": 7,
        "code": 59657
      },
      "setIdx": 0,
      "setId": 0,
      "iconIdx": 6
    },
    {
      "icon": {
        "paths": [
          "M864.626 473.162c-65.754-183.44-205.11-348.15-352.626-473.162-147.516 125.012-286.87 289.722-352.626 473.162-40.664 113.436-44.682 236.562 12.584 345.4 65.846 125.14 198.632 205.438 340.042 205.438s274.196-80.298 340.040-205.44c57.27-108.838 53.25-231.962 12.586-345.398zM738.764 758.956c-43.802 83.252-132.812 137.044-226.764 137.044-55.12 0-108.524-18.536-152.112-50.652 13.242 1.724 26.632 2.652 40.112 2.652 117.426 0 228.668-67.214 283.402-171.242 44.878-85.292 40.978-173.848 23.882-244.338 14.558 28.15 26.906 56.198 36.848 83.932 22.606 63.062 40.024 156.34-5.368 242.604z"
        ],
        "attrs": [],
        "isMulticolor": false,
        "tags": [
          "droplet",
          "color",
          "water"
        ],
        "grid": 16
      },
      "attrs": [],
      "properties": {
        "order": 16,
        "prevSize": 16,
        "ligatures": "droplet, color2",
        "name": "droplet",
        "id": 12,
        "code": 59652
      },
      "setIdx": 0,
      "setId": 0,
      "iconIdx": 11
    },
    {
      "icon": {
        "paths": [
          "M959.884 128c0.040 0.034 0.082 0.076 0.116 0.116v767.77c-0.034 0.040-0.076 0.082-0.116 0.116h-895.77c-0.040-0.034-0.082-0.076-0.114-0.116v-767.772c0.034-0.040 0.076-0.082 0.114-0.114h895.77zM960 64h-896c-35.2 0-64 28.8-64 64v768c0 35.2 28.8 64 64 64h896c35.2 0 64-28.8 64-64v-768c0-35.2-28.8-64-64-64v0z",
          "M832 288c0 53.020-42.98 96-96 96s-96-42.98-96-96 42.98-96 96-96 96 42.98 96 96z",
          "M896 832h-768v-128l224-384 256 320h64l224-192z"
        ],
        "attrs": [],
        "isMulticolor": false,
        "tags": [
          "image",
          "picture",
          "photo",
          "graphic"
        ],
        "grid": 16
      },
      "attrs": [],
      "properties": {
        "order": 19,
        "prevSize": 16,
        "ligatures": "image, picture",
        "name": "image",
        "id": 14,
        "code": 59653
      },
      "setIdx": 0,
      "setId": 0,
      "iconIdx": 13
    },
    {
      "icon": {
        "paths": [
          "M1088 128h-64v-64c0-35.2-28.8-64-64-64h-896c-35.2 0-64 28.8-64 64v768c0 35.2 28.8 64 64 64h64v64c0 35.2 28.8 64 64 64h896c35.2 0 64-28.8 64-64v-768c0-35.2-28.8-64-64-64zM128 192v640h-63.886c-0.040-0.034-0.082-0.076-0.114-0.116v-767.77c0.034-0.040 0.076-0.082 0.114-0.114h895.77c0.040 0.034 0.082 0.076 0.116 0.116v63.884h-768c-35.2 0-64 28.8-64 64v0zM1088 959.884c-0.034 0.040-0.076 0.082-0.116 0.116h-895.77c-0.040-0.034-0.082-0.076-0.114-0.116v-767.77c0.034-0.040 0.076-0.082 0.114-0.114h895.77c0.040 0.034 0.082 0.076 0.116 0.116v767.768z",
          "M960 352c0 53.020-42.98 96-96 96s-96-42.98-96-96 42.98-96 96-96 96 42.98 96 96z",
          "M1024 896h-768v-128l224-384 256 320h64l224-192z"
        ],
        "width": 1152,
        "attrs": [],
        "isMulticolor": false,
        "tags": [
          "images",
          "pictures",
          "photos",
          "graphics"
        ],
        "grid": 16
      },
      "attrs": [],
      "properties": {
        "order": 17,
        "prevSize": 16,
        "ligatures": "images, pictures",
        "name": "images",
        "id": 15,
        "code": 59654
      },
      "setIdx": 0,
      "setId": 0,
      "iconIdx": 14
    },
    {
      "icon": {
        "paths": [
          "M304 608c0 114.876 93.124 208 208 208s208-93.124 208-208-93.124-208-208-208-208 93.124-208 208zM960 256h-224c-16-64-32-128-96-128h-256c-64 0-80 64-96 128h-224c-35.2 0-64 28.8-64 64v576c0 35.2 28.8 64 64 64h896c35.2 0 64-28.8 64-64v-576c0-35.2-28.8-64-64-64zM512 892c-156.85 0-284-127.148-284-284 0-156.85 127.15-284 284-284 156.852 0 284 127.15 284 284 0 156.852-127.146 284-284 284zM960 448h-128v-64h128v64z"
        ],
        "attrs": [],
        "isMulticolor": false,
        "tags": [
          "camera",
          "photo",
          "picture",
          "image"
        ],
        "grid": 16
      },
      "attrs": [],
      "properties": {
        "order": 18,
        "prevSize": 16,
        "ligatures": "camera, photo",
        "name": "camera",
        "id": 16,
        "code": 59655
      },
      "setIdx": 0,
      "setId": 0,
      "iconIdx": 15
    },
    {
      "icon": {
        "paths": [
          "M896 128v832h-672c-53.026 0-96-42.98-96-96s42.974-96 96-96h608v-768h-640c-70.398 0-128 57.6-128 128v768c0 70.4 57.602 128 128 128h768v-896h-64z",
          "M224.056 832v0c-0.018 0.002-0.038 0-0.056 0-17.672 0-32 14.326-32 32s14.328 32 32 32c0.018 0 0.038-0.002 0.056-0.002v0.002h607.89v-64h-607.89z"
        ],
        "attrs": [],
        "isMulticolor": false,
        "tags": [
          "book",
          "read",
          "reading"
        ],
        "grid": 16
      },
      "attrs": [],
      "properties": {
        "order": 20,
        "prevSize": 16,
        "ligatures": "book, read",
        "name": "book",
        "id": 32,
        "code": 59658
      },
      "setIdx": 0,
      "setId": 0,
      "iconIdx": 31
    },
    {
      "icon": {
        "paths": [
          "M864 0h-768c-52.8 0-96 43.2-96 96v832c0 52.8 43.2 96 96 96h768c52.8 0 96-43.2 96-96v-832c0-52.8-43.2-96-96-96zM832 896h-704v-768h704v768zM256 448h448v64h-448zM256 576h448v64h-448zM256 704h448v64h-448zM256 320h448v64h-448z"
        ],
        "attrs": [],
        "isMulticolor": false,
        "tags": [
          "file-text",
          "file",
          "document",
          "list",
          "paper"
        ],
        "grid": 16
      },
      "attrs": [],
      "properties": {
        "order": 22,
        "prevSize": 16,
        "ligatures": "file-text, file",
        "name": "file-text",
        "id": 35,
        "code": 59659
      },
      "setIdx": 0,
      "setId": 0,
      "iconIdx": 34
    },
    {
      "icon": {
        "paths": [
          "M864 0h-768c-52.8 0-96 43.2-96 96v832c0 52.8 43.2 96 96 96h768c52.8 0 96-43.2 96-96v-832c0-52.8-43.2-96-96-96zM832 896h-704v-768h704v768zM256 576h448v64h-448zM256 704h448v64h-448zM320 288c0-53.019 42.981-96 96-96s96 42.981 96 96c0 53.019-42.981 96-96 96s-96-42.981-96-96zM480 384h-128c-52.8 0-96 28.8-96 64v64h320v-64c0-35.2-43.2-64-96-64z"
        ],
        "attrs": [],
        "isMulticolor": false,
        "tags": [
          "profile",
          "file",
          "document",
          "page",
          "user",
          "paper"
        ],
        "grid": 16
      },
      "attrs": [],
      "properties": {
        "order": 21,
        "prevSize": 16,
        "ligatures": "profile, file2",
        "name": "profile",
        "id": 36,
        "code": 59661
      },
      "setIdx": 0,
      "setId": 0,
      "iconIdx": 35
    },
    {
      "icon": {
        "paths": [
          "M917.806 229.076c-22.212-30.292-53.174-65.7-87.178-99.704s-69.412-64.964-99.704-87.178c-51.574-37.82-76.592-42.194-90.924-42.194h-496c-44.112 0-80 35.888-80 80v864c0 44.112 35.888 80 80 80h736c44.112 0 80-35.888 80-80v-624c0-14.332-4.372-39.35-42.194-90.924zM785.374 174.626c30.7 30.7 54.8 58.398 72.58 81.374h-153.954v-153.946c22.984 17.78 50.678 41.878 81.374 72.572zM896 944c0 8.672-7.328 16-16 16h-736c-8.672 0-16-7.328-16-16v-864c0-8.672 7.328-16 16-16 0 0 495.956-0.002 496 0v224c0 17.672 14.326 32 32 32h224v624z",
          "M736 832h-448c-17.672 0-32-14.326-32-32s14.328-32 32-32h448c17.674 0 32 14.326 32 32s-14.326 32-32 32z",
          "M736 704h-448c-17.672 0-32-14.326-32-32s14.328-32 32-32h448c17.674 0 32 14.326 32 32s-14.326 32-32 32z",
          "M736 576h-448c-17.672 0-32-14.326-32-32s14.328-32 32-32h448c17.674 0 32 14.326 32 32s-14.326 32-32 32z"
        ],
        "attrs": [],
        "isMulticolor": false,
        "tags": [
          "file-text",
          "file",
          "document",
          "list",
          "paper",
          "page"
        ],
        "grid": 16
      },
      "attrs": [],
      "properties": {
        "order": 2,
        "prevSize": 16,
        "ligatures": "file-text2, file4",
        "name": "file-text2",
        "id": 39,
        "code": 59649
      },
      "setIdx": 0,
      "setId": 0,
      "iconIdx": 38
    },
    {
      "icon": {
        "paths": [
          "M832 896h-640v-128l192-320 263 320 185-128v256z",
          "M832 480c0 53.020-42.98 96-96 96-53.022 0-96-42.98-96-96s42.978-96 96-96c53.020 0 96 42.98 96 96z",
          "M917.806 229.076c-22.212-30.292-53.174-65.7-87.178-99.704s-69.412-64.964-99.704-87.178c-51.574-37.82-76.592-42.194-90.924-42.194h-496c-44.112 0-80 35.888-80 80v864c0 44.112 35.888 80 80 80h736c44.112 0 80-35.888 80-80v-624c0-14.332-4.372-39.35-42.194-90.924zM785.374 174.626c30.7 30.7 54.8 58.398 72.58 81.374h-153.954v-153.946c22.984 17.78 50.678 41.878 81.374 72.572zM896 944c0 8.672-7.328 16-16 16h-736c-8.672 0-16-7.328-16-16v-864c0-8.672 7.328-16 16-16 0 0 495.956-0.002 496 0v224c0 17.672 14.326 32 32 32h224v624z"
        ],
        "attrs": [],
        "isMulticolor": false,
        "tags": [
          "file-picture",
          "file",
          "document",
          "file-image"
        ],
        "grid": 16
      },
      "attrs": [],
      "properties": {
        "order": 26,
        "prevSize": 16,
        "ligatures": "file-picture, file5",
        "name": "file-picture",
        "id": 40,
        "code": 59662
      },
      "setIdx": 0,
      "setId": 0,
      "iconIdx": 39
    },
    {
      "icon": {
        "paths": [
          "M640 256v-256h-448l-192 192v576h384v256h640v-768h-384zM192 90.51v101.49h-101.49l101.49-101.49zM64 704v-448h192v-192h320v192l-192 192v256h-320zM576 346.51v101.49h-101.49l101.49-101.49zM960 960h-512v-448h192v-192h320v640z"
        ],
        "attrs": [],
        "isMulticolor": false,
        "tags": [
          "copy",
          "duplicate",
          "files",
          "pages",
          "papers",
          "documents"
        ],
        "grid": 16
      },
      "attrs": [],
      "properties": {
        "order": 25,
        "prevSize": 16,
        "ligatures": "copy, duplicate",
        "name": "copy",
        "id": 45,
        "code": 59663
      },
      "setIdx": 0,
      "setId": 0,
      "iconIdx": 44
    },
    {
      "icon": {
        "paths": [
          "M704 128h-128v-64c0-35.2-28.8-64-64-64h-128c-35.204 0-64 28.8-64 64v64h-128v128h512v-128zM512 128h-128v-63.886c0.034-0.038 0.072-0.078 0.114-0.114h127.768c0.042 0.036 0.082 0.076 0.118 0.114v63.886zM832 320v-160c0-17.6-14.4-32-32-32h-64v64h32v128h-192l-192 192v256h-256v-576h32v-64h-64c-17.602 0-32 14.4-32 32v640c0 17.6 14.398 32 32 32h288v192h640v-704h-192zM576 410.51v101.49h-101.49l101.49-101.49zM960 960h-512v-384h192v-192h320v576z"
        ],
        "attrs": [],
        "isMulticolor": false,
        "tags": [
          "paste",
          "clipboard-file"
        ],
        "grid": 16
      },
      "attrs": [],
      "properties": {
        "order": 27,
        "prevSize": 16,
        "ligatures": "paste, clipboard-file",
        "name": "paste",
        "id": 46,
        "code": 59664
      },
      "setIdx": 0,
      "setId": 0,
      "iconIdx": 45
    },
    {
      "icon": {
        "paths": [
          "M1024 320l-512-256-512 256 512 256 512-256zM512 148.97l342.058 171.030-342.058 171.030-342.058-171.030 342.058-171.030zM921.444 460.722l102.556 51.278-512 256-512-256 102.556-51.278 409.444 204.722zM921.444 652.722l102.556 51.278-512 256-512-256 102.556-51.278 409.444 204.722z"
        ],
        "attrs": [],
        "isMulticolor": false,
        "tags": [
          "stack",
          "layers"
        ],
        "grid": 16
      },
      "attrs": [],
      "properties": {
        "order": 60,
        "prevSize": 16,
        "ligatures": "stack, layers",
        "name": "stack",
        "id": 47,
        "code": 59665
      },
      "setIdx": 0,
      "setId": 0,
      "iconIdx": 46
    },
    {
      "icon": {
        "paths": [
          "M832 960l192-512h-832l-192 512zM128 384l-128 576v-832h288l128 128h416v128z"
        ],
        "attrs": [],
        "isMulticolor": false,
        "tags": [
          "folder-open",
          "directory",
          "category",
          "browse"
        ],
        "grid": 16
      },
      "attrs": [],
      "properties": {
        "order": 23,
        "prevSize": 16,
        "ligatures": "folder-open, directory2",
        "name": "folder-open",
        "id": 49,
        "code": 59666
      },
      "setIdx": 0,
      "setId": 0,
      "iconIdx": 48
    },
    {
      "icon": {
        "paths": [
          "M576 256l-128-128h-448v832h1024v-704h-448zM512 864l-224-224h160v-256h128v256h160l-224 224z"
        ],
        "attrs": [],
        "isMulticolor": false,
        "tags": [
          "folder-download",
          "directory",
          "folder-save"
        ],
        "grid": 16
      },
      "attrs": [],
      "properties": {
        "order": 24,
        "prevSize": 16,
        "ligatures": "folder-download, directory5",
        "name": "folder-download",
        "id": 52,
        "code": 59667
      },
      "setIdx": 0,
      "setId": 0,
      "iconIdx": 51
    },
    {
      "icon": {
        "paths": [
          "M0 128h128v640h-128zM192 128h64v640h-64zM320 128h64v640h-64zM512 128h64v640h-64zM768 128h64v640h-64zM960 128h64v640h-64zM640 128h32v640h-32zM448 128h32v640h-32zM864 128h32v640h-32zM0 832h64v64h-64zM192 832h64v64h-64zM320 832h64v64h-64zM640 832h64v64h-64zM960 832h64v64h-64zM768 832h128v64h-128zM448 832h128v64h-128z"
        ],
        "attrs": [],
        "isMulticolor": false,
        "tags": [
          "barcode"
        ],
        "grid": 16
      },
      "attrs": [],
      "properties": {
        "order": 28,
        "prevSize": 16,
        "ligatures": "barcode",
        "name": "barcode",
        "id": 56,
        "code": 59668
      },
      "setIdx": 0,
      "setId": 0,
      "iconIdx": 55
    },
    {
      "icon": {
        "paths": [
          "M320 64h-256v256h256v-256zM384 0v0 384h-384v-384h384zM128 128h128v128h-128zM960 64h-256v256h256v-256zM1024 0v0 384h-384v-384h384zM768 128h128v128h-128zM320 704h-256v256h256v-256zM384 640v0 384h-384v-384h384zM128 768h128v128h-128zM448 0h64v64h-64zM512 64h64v64h-64zM448 128h64v64h-64zM512 192h64v64h-64zM448 256h64v64h-64zM512 320h64v64h-64zM448 384h64v64h-64zM448 512h64v64h-64zM512 576h64v64h-64zM448 640h64v64h-64zM512 704h64v64h-64zM448 768h64v64h-64zM512 832h64v64h-64zM448 896h64v64h-64zM512 960h64v64h-64zM960 512h64v64h-64zM64 512h64v64h-64zM128 448h64v64h-64zM0 448h64v64h-64zM256 448h64v64h-64zM320 512h64v64h-64zM384 448h64v64h-64zM576 512h64v64h-64zM640 448h64v64h-64zM704 512h64v64h-64zM768 448h64v64h-64zM832 512h64v64h-64zM896 448h64v64h-64zM960 640h64v64h-64zM576 640h64v64h-64zM640 576h64v64h-64zM704 640h64v64h-64zM832 640h64v64h-64zM896 576h64v64h-64zM960 768h64v64h-64zM576 768h64v64h-64zM640 704h64v64h-64zM768 704h64v64h-64zM832 768h64v64h-64zM896 704h64v64h-64zM960 896h64v64h-64zM640 832h64v64h-64zM704 896h64v64h-64zM768 832h64v64h-64zM832 896h64v64h-64zM640 960h64v64h-64zM768 960h64v64h-64zM896 960h64v64h-64z"
        ],
        "attrs": [],
        "isMulticolor": false,
        "tags": [
          "qrcode"
        ],
        "grid": 16
      },
      "attrs": [],
      "properties": {
        "order": 29,
        "prevSize": 16,
        "ligatures": "qrcode",
        "name": "qrcode",
        "id": 57,
        "code": 59669
      },
      "setIdx": 0,
      "setId": 0,
      "iconIdx": 56
    },
    {
      "icon": {
        "paths": [
          "M384 928c0 53.019-42.981 96-96 96s-96-42.981-96-96c0-53.019 42.981-96 96-96s96 42.981 96 96z",
          "M1024 928c0 53.019-42.981 96-96 96s-96-42.981-96-96c0-53.019 42.981-96 96-96s96 42.981 96 96z",
          "M1024 512v-384h-768c0-35.346-28.654-64-64-64h-192v64h128l48.074 412.054c-29.294 23.458-48.074 59.5-48.074 99.946 0 70.696 57.308 128 128 128h768v-64h-768c-35.346 0-64-28.654-64-64 0-0.218 0.014-0.436 0.016-0.656l831.984-127.344z"
        ],
        "attrs": [],
        "isMulticolor": false,
        "tags": [
          "cart",
          "purchase",
          "ecommerce",
          "shopping"
        ],
        "grid": 16
      },
      "attrs": [],
      "properties": {
        "order": 61,
        "prevSize": 16,
        "ligatures": "cart, purchase",
        "name": "cart",
        "id": 59,
        "code": 59670
      },
      "setIdx": 0,
      "setId": 0,
      "iconIdx": 58
    },
    {
      "icon": {
        "paths": [
          "M256 64h512v128h-512v-128z",
          "M960 256h-896c-35.2 0-64 28.8-64 64v320c0 35.2 28.794 64 64 64h192v256h512v-256h192c35.2 0 64-28.8 64-64v-320c0-35.2-28.8-64-64-64zM128 448c-35.346 0-64-28.654-64-64s28.654-64 64-64 64 28.654 64 64-28.652 64-64 64zM704 896h-384v-320h384v320z"
        ],
        "attrs": [],
        "isMulticolor": false,
        "tags": [
          "printer",
          "print"
        ],
        "grid": 16
      },
      "attrs": [],
      "properties": {
        "order": 62,
        "prevSize": 16,
        "ligatures": "printer, print",
        "name": "printer",
        "id": 85,
        "code": 59671
      },
      "setIdx": 0,
      "setId": 0,
      "iconIdx": 84
    },
    {
      "icon": {
        "paths": [
          "M576 706.612v-52.78c70.498-39.728 128-138.772 128-237.832 0-159.058 0-288-192-288s-192 128.942-192 288c0 99.060 57.502 198.104 128 237.832v52.78c-217.102 17.748-384 124.42-384 253.388h896c0-128.968-166.898-235.64-384-253.388z"
        ],
        "attrs": [],
        "isMulticolor": false,
        "tags": [
          "user",
          "profile",
          "avatar",
          "person",
          "member"
        ],
        "grid": 16
      },
      "attrs": [],
      "properties": {
        "order": 63,
        "prevSize": 16,
        "ligatures": "user, profile2",
        "name": "user",
        "id": 114,
        "code": 59672
      },
      "setIdx": 0,
      "setId": 0,
      "iconIdx": 113
    },
    {
      "icon": {
        "paths": [
          "M768 770.612v-52.78c70.498-39.728 128-138.772 128-237.832 0-159.058 0-288-192-288s-192 128.942-192 288c0 99.060 57.502 198.104 128 237.832v52.78c-217.102 17.748-384 124.42-384 253.388h896c0-128.968-166.898-235.64-384-253.388z",
          "M327.196 795.328c55.31-36.15 124.080-63.636 199.788-80.414-15.054-17.784-28.708-37.622-40.492-59.020-30.414-55.234-46.492-116.058-46.492-175.894 0-86.042 0-167.31 30.6-233.762 29.706-64.504 83.128-104.496 159.222-119.488-16.914-76.48-61.94-126.75-181.822-126.75-192 0-192 128.942-192 288 0 99.060 57.502 198.104 128 237.832v52.78c-217.102 17.748-384 124.42-384 253.388h279.006c14.518-12.91 30.596-25.172 48.19-36.672z"
        ],
        "width": 1152,
        "attrs": [],
        "isMulticolor": false,
        "tags": [
          "users",
          "group",
          "team",
          "members",
          "community",
          "collaborate"
        ],
        "grid": 16
      },
      "attrs": [],
      "properties": {
        "order": 66,
        "prevSize": 16,
        "ligatures": "users, group",
        "name": "users",
        "id": 115,
        "code": 59673
      },
      "setIdx": 0,
      "setId": 0,
      "iconIdx": 114
    },
    {
      "icon": {
        "paths": [
          "M384 736c0-151.234 95.874-280.486 230.032-330.2 16.28-36.538 25.968-77.164 25.968-117.8 0-159.058 0-288-192-288s-192 128.942-192 288c0 99.060 57.502 198.104 128 237.832v52.78c-217.102 17.748-384 124.42-384 253.388h397.306c-8.664-30.53-13.306-62.732-13.306-96z",
          "M736 448c-159.058 0-288 128.942-288 288s128.942 288 288 288c159.056 0 288-128.942 288-288s-128.942-288-288-288zM896 768h-128v128h-64v-128h-128v-64h128v-128h64v128h128v64z"
        ],
        "width": 1024,
        "attrs": [],
        "isMulticolor": false,
        "tags": [
          "user-plus",
          "user",
          "user-add",
          "profile",
          "avatar",
          "person",
          "member"
        ],
        "grid": 16
      },
      "attrs": [],
      "properties": {
        "order": 64,
        "prevSize": 16,
        "ligatures": "user-plus, user2",
        "name": "user-plus",
        "id": 116,
        "code": 59674
      },
      "setIdx": 0,
      "setId": 0,
      "iconIdx": 115
    },
    {
      "icon": {
        "paths": [
          "M384 736c0-151.234 95.874-280.486 230.032-330.2 16.28-36.538 25.968-77.164 25.968-117.8 0-159.058 0-288-192-288s-192 128.942-192 288c0 99.060 57.502 198.104 128 237.832v52.78c-217.102 17.748-384 124.42-384 253.388h397.306c-8.664-30.53-13.306-62.732-13.306-96z",
          "M736 448c-159.058 0-288 128.942-288 288s128.942 288 288 288c159.056 0 288-128.942 288-288s-128.942-288-288-288zM896 768h-320v-64h320v64z"
        ],
        "width": 1024,
        "attrs": [],
        "isMulticolor": false,
        "tags": [
          "user-minus",
          "user",
          "user-remove",
          "profile",
          "avatar",
          "person",
          "member"
        ],
        "grid": 16
      },
      "attrs": [],
      "properties": {
        "order": 65,
        "prevSize": 16,
        "ligatures": "user-minus, user3",
        "name": "user-minus",
        "id": 117,
        "code": 59675
      },
      "setIdx": 0,
      "setId": 0,
      "iconIdx": 116
    },
    {
      "icon": {
        "paths": [
          "M320 192c0-106.039 85.961-192 192-192s192 85.961 192 192c0 106.039-85.961 192-192 192s-192-85.961-192-192zM768.078 448h-35.424l-199.104 404.244 74.45-372.244-96-96-96 96 74.45 372.244-199.102-404.244h-35.424c-127.924 0-127.924 85.986-127.924 192v320h768v-320c0-106.014 0-192-127.922-192z"
        ],
        "attrs": [],
        "isMulticolor": false,
        "tags": [
          "user-tie",
          "user",
          "user-employee",
          "profile",
          "avatar",
          "person",
          "member",
          "job",
          "official"
        ],
        "grid": 16
      },
      "attrs": [],
      "properties": {
        "order": 76,
        "prevSize": 16,
        "ligatures": "user-tie, user5",
        "name": "user-tie",
        "id": 119,
        "code": 59676
      },
      "setIdx": 0,
      "setId": 0,
      "iconIdx": 118
    },
    {
      "icon": {
        "paths": [
          "M728.992 512c137.754-87.334 231.008-255.208 231.008-448 0-21.676-1.192-43.034-3.478-64h-889.042c-2.29 20.968-3.48 42.326-3.48 64 0 192.792 93.254 360.666 231.006 448-137.752 87.334-231.006 255.208-231.006 448 0 21.676 1.19 43.034 3.478 64h889.042c2.288-20.966 3.478-42.324 3.478-64 0.002-192.792-93.252-360.666-231.006-448zM160 960c0-186.912 80.162-345.414 224-397.708v-100.586c-143.838-52.29-224-210.792-224-397.706v0h704c0 186.914-80.162 345.416-224 397.706v100.586c143.838 52.294 224 210.796 224 397.708h-704zM619.626 669.594c-71.654-40.644-75.608-93.368-75.626-125.366v-64.228c0-31.994 3.804-84.914 75.744-125.664 38.504-22.364 71.808-56.348 97.048-98.336h-409.582c25.266 42.032 58.612 76.042 97.166 98.406 71.654 40.644 75.606 93.366 75.626 125.366v64.228c0 31.992-3.804 84.914-75.744 125.664-72.622 42.18-126.738 125.684-143.090 226.336h501.67c-16.364-100.708-70.53-184.248-143.212-226.406z"
        ],
        "attrs": [],
        "isMulticolor": false,
        "tags": [
          "hour-glass",
          "loading",
          "busy",
          "wait"
        ],
        "grid": 16
      },
      "attrs": [],
      "properties": {
        "order": 75,
        "prevSize": 16,
        "ligatures": "hour-glass, loading",
        "name": "hour-glass",
        "id": 122,
        "code": 59677
      },
      "setIdx": 0,
      "setId": 0,
      "iconIdx": 121
    },
    {
      "icon": {
        "paths": [
          "M384 128c0-70.692 57.308-128 128-128s128 57.308 128 128c0 70.692-57.308 128-128 128s-128-57.308-128-128zM655.53 240.47c0-70.692 57.308-128 128-128s128 57.308 128 128c0 70.692-57.308 128-128 128s-128-57.308-128-128zM832 512c0-35.346 28.654-64 64-64s64 28.654 64 64c0 35.346-28.654 64-64 64s-64-28.654-64-64zM719.53 783.53c0-35.346 28.654-64 64-64s64 28.654 64 64c0 35.346-28.654 64-64 64s-64-28.654-64-64zM448.002 896c0 0 0 0 0 0 0-35.346 28.654-64 64-64s64 28.654 64 64c0 0 0 0 0 0 0 35.346-28.654 64-64 64s-64-28.654-64-64zM176.472 783.53c0 0 0 0 0 0 0-35.346 28.654-64 64-64s64 28.654 64 64c0 0 0 0 0 0 0 35.346-28.654 64-64 64s-64-28.654-64-64zM144.472 240.47c0 0 0 0 0 0 0-53.019 42.981-96 96-96s96 42.981 96 96c0 0 0 0 0 0 0 53.019-42.981 96-96 96s-96-42.981-96-96zM56 512c0-39.765 32.235-72 72-72s72 32.235 72 72c0 39.765-32.235 72-72 72s-72-32.235-72-72z"
        ],
        "attrs": [],
        "isMulticolor": false,
        "tags": [
          "spinner",
          "loading",
          "loading-wheel",
          "busy",
          "wait"
        ],
        "grid": 16
      },
      "attrs": [],
      "properties": {
        "order": 74,
        "prevSize": 16,
        "ligatures": "spinner, loading2",
        "name": "spinner",
        "id": 123,
        "code": 59678
      },
      "setIdx": 0,
      "setId": 0,
      "iconIdx": 122
    },
    {
      "icon": {
        "paths": [
          "M1024 512c-1.278-66.862-15.784-133.516-42.576-194.462-26.704-61-65.462-116.258-113.042-161.92-47.552-45.696-103.944-81.82-164.984-105.652-61.004-23.924-126.596-35.352-191.398-33.966-64.81 1.282-129.332 15.374-188.334 41.356-59.048 25.896-112.542 63.47-156.734 109.576-44.224 46.082-79.16 100.708-102.186 159.798-23.114 59.062-34.128 122.52-32.746 185.27 1.286 62.76 14.964 125.148 40.134 182.206 25.088 57.1 61.476 108.828 106.11 151.548 44.61 42.754 97.472 76.504 154.614 98.72 57.118 22.304 118.446 32.902 179.142 31.526 60.708-1.29 120.962-14.554 176.076-38.914 55.15-24.282 105.116-59.48 146.366-102.644 41.282-43.14 73.844-94.236 95.254-149.43 13.034-33.458 21.88-68.4 26.542-103.798 1.246 0.072 2.498 0.12 3.762 0.12 35.346 0 64-28.652 64-64 0-1.796-0.094-3.572-0.238-5.332h0.238zM922.306 681.948c-23.472 53.202-57.484 101.4-99.178 141.18-41.67 39.81-91 71.186-144.244 91.79-53.228 20.678-110.29 30.452-166.884 29.082-56.604-1.298-112.596-13.736-163.82-36.474-51.25-22.666-97.684-55.49-135.994-95.712-38.338-40.198-68.528-87.764-88.322-139.058-19.87-51.284-29.228-106.214-27.864-160.756 1.302-54.552 13.328-108.412 35.254-157.69 21.858-49.3 53.498-93.97 92.246-130.81 38.73-36.868 84.53-65.87 133.874-84.856 49.338-19.060 102.136-28.006 154.626-26.644 52.5 1.306 104.228 12.918 151.562 34.034 47.352 21.050 90.256 51.502 125.624 88.782 35.396 37.258 63.21 81.294 81.39 128.688 18.248 47.392 26.782 98.058 25.424 148.496h0.238c-0.144 1.76-0.238 3.536-0.238 5.332 0 33.012 24.992 60.174 57.086 63.624-6.224 34.822-16.53 68.818-30.78 100.992z"
        ],
        "attrs": [],
        "isMulticolor": false,
        "tags": [
          "spinner",
          "loading",
          "loading-wheel",
          "busy",
          "wait"
        ],
        "grid": 16
      },
      "attrs": [],
      "properties": {
        "order": 73,
        "prevSize": 16,
        "ligatures": "spinner2, loading3",
        "name": "spinner2",
        "id": 124,
        "code": 59679
      },
      "setIdx": 0,
      "setId": 0,
      "iconIdx": 123
    },
    {
      "icon": {
        "paths": [
          "M192 512c0-12.18 0.704-24.196 2.030-36.022l-184.98-60.104c-5.916 31.14-9.050 63.264-9.050 96.126 0 147.23 62.166 279.922 161.654 373.324l114.284-157.296c-52.124-56.926-83.938-132.758-83.938-216.028zM832 512c0 83.268-31.812 159.102-83.938 216.028l114.284 157.296c99.488-93.402 161.654-226.094 161.654-373.324 0-32.862-3.132-64.986-9.048-96.126l-184.98 60.104c1.324 11.828 2.028 23.842 2.028 36.022zM576 198.408c91.934 18.662 169.544 76.742 214.45 155.826l184.978-60.102c-73.196-155.42-222.24-268.060-399.428-290.156v194.432zM233.55 354.232c44.906-79.084 122.516-137.164 214.45-155.826v-194.43c-177.188 22.096-326.23 134.736-399.426 290.154l184.976 60.102zM644.556 803.328c-40.39 18.408-85.272 28.672-132.556 28.672s-92.166-10.264-132.554-28.67l-114.292 157.31c73.206 40.366 157.336 63.36 246.846 63.36s173.64-22.994 246.848-63.36l-114.292-157.312z"
        ],
        "attrs": [],
        "isMulticolor": false,
        "tags": [
          "spinner",
          "loading",
          "loading-wheel",
          "busy",
          "wait"
        ],
        "grid": 16
      },
      "attrs": [],
      "properties": {
        "order": 72,
        "prevSize": 16,
        "ligatures": "spinner4, loading5",
        "name": "spinner4",
        "id": 126,
        "code": 59680
      },
      "setIdx": 0,
      "setId": 0,
      "iconIdx": 125
    },
    {
      "icon": {
        "paths": [
          "M384 128c0-70.692 57.308-128 128-128s128 57.308 128 128c0 70.692-57.308 128-128 128s-128-57.308-128-128zM790.994 512c0 0 0 0 0 0 0-57.993 47.013-105.006 105.006-105.006s105.006 47.013 105.006 105.006c0 0 0 0 0 0 0 57.993-47.013 105.006-105.006 105.006s-105.006-47.013-105.006-105.006zM688.424 783.53c0-52.526 42.58-95.106 95.106-95.106s95.106 42.58 95.106 95.106c0 52.526-42.58 95.106-95.106 95.106s-95.106-42.58-95.106-95.106zM425.862 896c0-47.573 38.565-86.138 86.138-86.138s86.138 38.565 86.138 86.138c0 47.573-38.565 86.138-86.138 86.138s-86.138-38.565-86.138-86.138zM162.454 783.53c0-43.088 34.93-78.018 78.018-78.018s78.018 34.93 78.018 78.018c0 43.088-34.93 78.018-78.018 78.018s-78.018-34.93-78.018-78.018zM57.338 512c0-39.026 31.636-70.662 70.662-70.662s70.662 31.636 70.662 70.662c0 39.026-31.636 70.662-70.662 70.662s-70.662-31.636-70.662-70.662zM176.472 240.472c0 0 0 0 0 0 0-35.346 28.654-64 64-64s64 28.654 64 64c0 0 0 0 0 0 0 35.346-28.654 64-64 64s-64-28.654-64-64zM899.464 240.472c0 64.024-51.906 115.934-115.936 115.934-64.024 0-115.936-51.91-115.936-115.934 0-64.032 51.912-115.934 115.936-115.934 64.030 0 115.936 51.902 115.936 115.934z"
        ],
        "attrs": [],
        "isMulticolor": false,
        "tags": [
          "spinner",
          "loading",
          "loading-wheel",
          "busy",
          "wait"
        ],
        "grid": 16
      },
      "attrs": [],
      "properties": {
        "order": 69,
        "prevSize": 16,
        "ligatures": "spinner6, loading7",
        "name": "spinner6",
        "id": 128,
        "code": 59681
      },
      "setIdx": 0,
      "setId": 0,
      "iconIdx": 127
    },
    {
      "icon": {
        "paths": [
          "M416 928c0-53.019 42.981-96 96-96s96 42.981 96 96c0 53.019-42.981 96-96 96s-96-42.981-96-96zM0 512c0-53.019 42.981-96 96-96s96 42.981 96 96c0 53.019-42.981 96-96 96s-96-42.981-96-96zM832 512c0-53.019 42.981-96 96-96s96 42.981 96 96c0 53.019-42.981 96-96 96s-96-42.981-96-96zM121.844 217.844c0-53.019 42.981-96 96-96s96 42.981 96 96c0 53.019-42.981 96-96 96s-96-42.981-96-96zM710.156 806.156c0-53.019 42.981-96 96-96s96 42.981 96 96c0 53.019-42.981 96-96 96s-96-42.981-96-96zM121.844 806.156c0-53.019 42.981-96 96-96s96 42.981 96 96c0 53.019-42.981 96-96 96s-96-42.981-96-96zM710.156 217.844c0-53.019 42.981-96 96-96s96 42.981 96 96c0 53.019-42.981 96-96 96s-96-42.981-96-96z"
        ],
        "attrs": [],
        "isMulticolor": false,
        "tags": [
          "spinner",
          "loading",
          "loading-wheel",
          "busy",
          "wait"
        ],
        "grid": 16
      },
      "attrs": [],
      "properties": {
        "order": 70,
        "prevSize": 16,
        "ligatures": "spinner7, loading8",
        "name": "spinner7",
        "id": 129,
        "code": 59682
      },
      "setIdx": 0,
      "setId": 0,
      "iconIdx": 128
    },
    {
      "icon": {
        "paths": [
          "M512 1024c-136.76 0-265.334-53.258-362.040-149.96-96.702-96.706-149.96-225.28-149.96-362.040 0-96.838 27.182-191.134 78.606-272.692 50-79.296 120.664-143.372 204.356-185.3l43 85.832c-68.038 34.084-125.492 86.186-166.15 150.67-41.746 66.208-63.812 142.798-63.812 221.49 0 229.382 186.618 416 416 416s416-186.618 416-416c0-78.692-22.066-155.282-63.81-221.49-40.66-64.484-98.114-116.584-166.15-150.67l43-85.832c83.692 41.928 154.358 106.004 204.356 185.3 51.422 81.558 78.604 175.854 78.604 272.692 0 136.76-53.258 265.334-149.96 362.040-96.706 96.702-225.28 149.96-362.040 149.96z"
        ],
        "attrs": [],
        "isMulticolor": false,
        "tags": [
          "spinner",
          "loading",
          "loading-wheel",
          "busy",
          "wait"
        ],
        "grid": 16
      },
      "attrs": [],
      "properties": {
        "order": 71,
        "prevSize": 16,
        "ligatures": "spinner8, loading9",
        "name": "spinner8",
        "id": 130,
        "code": 59683
      },
      "setIdx": 0,
      "setId": 0,
      "iconIdx": 129
    },
    {
      "icon": {
        "paths": [
          "M704 0c-176.73 0-320 143.268-320 320 0 20.026 1.858 39.616 5.376 58.624l-389.376 389.376v192c0 35.346 28.654 64 64 64h64v-64h128v-128h128v-128h128l83.042-83.042c34.010 12.316 70.696 19.042 108.958 19.042 176.73 0 320-143.268 320-320s-143.27-320-320-320zM799.874 320.126c-53.020 0-96-42.98-96-96s42.98-96 96-96 96 42.98 96 96-42.98 96-96 96z"
        ],
        "attrs": [],
        "isMulticolor": false,
        "tags": [
          "key",
          "password",
          "login",
          "signin"
        ],
        "grid": 16
      },
      "attrs": [],
      "properties": {
        "order": 34,
        "prevSize": 16,
        "ligatures": "key, password",
        "name": "key",
        "id": 142,
        "code": 59684
      },
      "setIdx": 0,
      "setId": 0,
      "iconIdx": 141
    },
    {
      "icon": {
        "paths": [
          "M1002.132 314.242l-101.106-101.104c-24.792-24.794-65.37-65.368-90.162-90.164l-101.106-101.104c-24.792-24.794-68.954-29.166-98.13-9.716l-276.438 184.292c-29.176 19.452-40.218 61.028-24.536 92.39l70.486 140.974c2.154 4.306 4.646 8.896 7.39 13.66l-356.53 356.53-32 224h192v-64h128v-128h128v-128h128v-71.186c6.396 3.812 12.534 7.216 18.192 10.044l140.97 70.488c31.366 15.682 72.94 4.638 92.39-24.538l184.294-276.44c19.454-29.172 15.078-73.33-9.714-98.126zM150.628 854.626l-45.254-45.254 311.572-311.57 45.254 45.254-311.572 311.57zM917.020 423.764l-45.256 45.256c-12.446 12.444-32.808 12.444-45.254 0l-271.53-271.53c-12.446-12.444-12.446-32.81 0-45.254l45.256-45.256c12.446-12.444 32.808-12.444 45.254 0l271.53 271.53c12.446 12.444 12.446 32.81 0 45.254z"
        ],
        "attrs": [],
        "isMulticolor": false,
        "tags": [
          "key",
          "password",
          "login",
          "signin"
        ],
        "grid": 16
      },
      "attrs": [],
      "properties": {
        "order": 35,
        "prevSize": 16,
        "ligatures": "key2, password2",
        "name": "key2",
        "id": 143,
        "code": 59685
      },
      "setIdx": 0,
      "setId": 0,
      "iconIdx": 142
    },
    {
      "icon": {
        "paths": [
          "M128 896h896v128h-1024v-1024h128zM288 832c-53.020 0-96-42.98-96-96s42.98-96 96-96c2.828 0 5.622 0.148 8.388 0.386l103.192-171.986c-9.84-15.070-15.58-33.062-15.58-52.402 0-53.020 42.98-96 96-96s96 42.98 96 96c0 19.342-5.74 37.332-15.58 52.402l103.192 171.986c2.766-0.238 5.56-0.386 8.388-0.386 2.136 0 4.248 0.094 6.35 0.23l170.356-298.122c-10.536-15.408-16.706-34.036-16.706-54.11 0-53.020 42.98-96 96-96s96 42.98 96 96c0 53.020-42.98 96-96 96-2.14 0-4.248-0.094-6.35-0.232l-170.356 298.124c10.536 15.406 16.706 34.036 16.706 54.11 0 53.020-42.98 96-96 96s-96-42.98-96-96c0-19.34 5.74-37.332 15.578-52.402l-103.19-171.984c-2.766 0.238-5.56 0.386-8.388 0.386s-5.622-0.146-8.388-0.386l-103.192 171.986c9.84 15.068 15.58 33.060 15.58 52.4 0 53.020-42.98 96-96 96z"
        ],
        "attrs": [],
        "isMulticolor": false,
        "tags": [
          "stats-dots",
          "stats",
          "plot",
          "statistics",
          "chart"
        ],
        "grid": 16
      },
      "attrs": [],
      "properties": {
        "order": 33,
        "prevSize": 16,
        "ligatures": "stats-dots, stats2",
        "name": "stats-dots",
        "id": 156,
        "code": 59686
      },
      "setIdx": 0,
      "setId": 0,
      "iconIdx": 155
    },
    {
      "icon": {
        "paths": [
          "M0 832h1024v128h-1024zM128 576h128v192h-128zM320 320h128v448h-128zM512 512h128v256h-128zM704 128h128v640h-128z"
        ],
        "attrs": [],
        "isMulticolor": false,
        "tags": [
          "stats-bars",
          "stats",
          "statistics",
          "chart"
        ],
        "grid": 16
      },
      "attrs": [],
      "properties": {
        "order": 32,
        "prevSize": 16,
        "ligatures": "stats-bars, stats3",
        "name": "stats-bars",
        "id": 157,
        "code": 59687
      },
      "setIdx": 0,
      "setId": 0,
      "iconIdx": 156
    },
    {
      "icon": {
        "paths": [
          "M384 832h640v128h-640zM384 448h640v128h-640zM384 64h640v128h-640zM192 0v256h-64v-192h-64v-64zM128 526v50h128v64h-192v-146l128-60v-50h-128v-64h192v146zM256 704v320h-192v-64h128v-64h-128v-64h128v-64h-128v-64z"
        ],
        "attrs": [],
        "isMulticolor": false,
        "tags": [
          "list-numbered",
          "options"
        ],
        "grid": 16
      },
      "attrs": [],
      "properties": {
        "order": 4,
        "prevSize": 16,
        "ligatures": "list-numbered, options",
        "name": "list-numbered",
        "id": 186,
        "code": 59650
      },
      "setIdx": 0,
      "setId": 0,
      "iconIdx": 185
    },
    {
      "icon": {
        "paths": [
          "M0 0h256v256h-256zM384 64h640v128h-640zM0 384h256v256h-256zM384 448h640v128h-640zM0 768h256v256h-256zM384 832h640v128h-640z"
        ],
        "attrs": [],
        "isMulticolor": false,
        "tags": [
          "list",
          "todo",
          "bullet",
          "menu",
          "options"
        ],
        "grid": 16
      },
      "attrs": [],
      "properties": {
        "order": 36,
        "prevSize": 16,
        "ligatures": "list, todo",
        "name": "list",
        "id": 187,
        "code": 59688
      },
      "setIdx": 0,
      "setId": 0,
      "iconIdx": 186
    },
    {
      "icon": {
        "paths": [
          "M384 64h640v128h-640v-128zM384 448h640v128h-640v-128zM384 832h640v128h-640v-128zM0 128c0-70.692 57.308-128 128-128s128 57.308 128 128c0 70.692-57.308 128-128 128s-128-57.308-128-128zM0 512c0-70.692 57.308-128 128-128s128 57.308 128 128c0 70.692-57.308 128-128 128s-128-57.308-128-128zM0 896c0-70.692 57.308-128 128-128s128 57.308 128 128c0 70.692-57.308 128-128 128s-128-57.308-128-128z"
        ],
        "attrs": [],
        "isMulticolor": false,
        "tags": [
          "list",
          "todo",
          "bullet",
          "menu",
          "options"
        ],
        "grid": 16
      },
      "attrs": [],
      "properties": {
        "order": 37,
        "prevSize": 16,
        "ligatures": "list2, todo2",
        "name": "list2",
        "id": 188,
        "code": 59689
      },
      "setIdx": 0,
      "setId": 0,
      "iconIdx": 187
    },
    {
      "icon": {
        "paths": [
          "M1024 657.542c0-82.090-56.678-150.9-132.996-169.48-3.242-128.7-108.458-232.062-237.862-232.062-75.792 0-143.266 35.494-186.854 90.732-24.442-31.598-62.69-51.96-105.708-51.96-73.81 0-133.642 59.874-133.642 133.722 0 6.436 0.48 12.76 1.364 18.954-11.222-2.024-22.766-3.138-34.57-3.138-106.998-0.002-193.732 86.786-193.732 193.842 0 107.062 86.734 193.848 193.73 193.848l656.262-0.012c96.138-0.184 174.008-78.212 174.008-174.446z"
        ],
        "attrs": [],
        "isMulticolor": false,
        "tags": [
          "cloud",
          "weather"
        ],
        "grid": 16
      },
      "attrs": [],
      "properties": {
        "order": 38,
        "prevSize": 16,
        "ligatures": "cloud, weather",
        "name": "cloud",
        "id": 194,
        "code": 59690
      },
      "setIdx": 0,
      "setId": 0,
      "iconIdx": 193
    },
    {
      "icon": {
        "paths": [
          "M891.004 360.060c-3.242-128.698-108.458-232.060-237.862-232.060-75.792 0-143.266 35.494-186.854 90.732-24.442-31.598-62.69-51.96-105.708-51.96-73.81 0-133.642 59.876-133.642 133.722 0 6.436 0.48 12.76 1.364 18.954-11.222-2.024-22.766-3.138-34.57-3.138-106.998-0.002-193.732 86.786-193.732 193.842 0 107.062 86.734 193.848 193.73 193.848h91.76l226.51 234.51 226.51-234.51 111.482-0.012c96.138-0.184 174.008-78.21 174.008-174.446 0-82.090-56.678-150.9-132.996-169.482zM512 832l-192-192h128v-192h128v192h128l-192 192z"
        ],
        "attrs": [],
        "isMulticolor": false,
        "tags": [
          "cloud-download",
          "cloud",
          "save",
          "download"
        ],
        "grid": 16
      },
      "attrs": [],
      "properties": {
        "order": 39,
        "prevSize": 16,
        "ligatures": "cloud-download, cloud2",
        "name": "cloud-download",
        "id": 195,
        "code": 59691
      },
      "setIdx": 0,
      "setId": 0,
      "iconIdx": 194
    },
    {
      "icon": {
        "paths": [
          "M440.236 635.766c-13.31 0-26.616-5.076-36.77-15.23-95.134-95.136-95.134-249.934 0-345.070l192-192c46.088-46.086 107.36-71.466 172.534-71.466s126.448 25.38 172.536 71.464c95.132 95.136 95.132 249.934 0 345.070l-87.766 87.766c-20.308 20.308-53.23 20.308-73.54 0-20.306-20.306-20.306-53.232 0-73.54l87.766-87.766c54.584-54.586 54.584-143.404 0-197.99-26.442-26.442-61.6-41.004-98.996-41.004s-72.552 14.562-98.996 41.006l-192 191.998c-54.586 54.586-54.586 143.406 0 197.992 20.308 20.306 20.306 53.232 0 73.54-10.15 10.152-23.462 15.23-36.768 15.23z",
          "M256 1012c-65.176 0-126.45-25.38-172.534-71.464-95.134-95.136-95.134-249.934 0-345.070l87.764-87.764c20.308-20.306 53.234-20.306 73.54 0 20.308 20.306 20.308 53.232 0 73.54l-87.764 87.764c-54.586 54.586-54.586 143.406 0 197.992 26.44 26.44 61.598 41.002 98.994 41.002s72.552-14.562 98.998-41.006l192-191.998c54.584-54.586 54.584-143.406 0-197.992-20.308-20.308-20.306-53.232 0-73.54 20.306-20.306 53.232-20.306 73.54 0.002 95.132 95.134 95.132 249.932 0.002 345.068l-192.002 192c-46.090 46.088-107.364 71.466-172.538 71.466z"
        ],
        "attrs": [],
        "isMulticolor": false,
        "tags": [
          "link",
          "chain",
          "url",
          "uri",
          "anchor"
        ],
        "grid": 16
      },
      "attrs": [],
      "properties": {
        "order": 67,
        "prevSize": 16,
        "ligatures": "link, chain",
        "name": "link",
        "id": 204,
        "code": 59692
      },
      "setIdx": 0,
      "setId": 0,
      "iconIdx": 203
    },
    {
      "icon": {
        "paths": [
          "M665.832 327.048l-64.952-64.922-324.81 324.742c-53.814 53.792-53.814 141.048 0 194.844 53.804 53.792 141.060 53.792 194.874 0l389.772-389.708c89.714-89.662 89.714-235.062 0-324.726-89.666-89.704-235.112-89.704-324.782 0l-409.23 409.178c-0.29 0.304-0.612 0.576-0.876 0.846-125.102 125.096-125.102 327.856 0 452.906 125.054 125.056 327.868 125.056 452.988 0 0.274-0.274 0.516-0.568 0.82-0.876l0.032 0.034 279.332-279.292-64.986-64.92-279.33 279.262c-0.296 0.268-0.564 0.57-0.846 0.844-89.074 89.058-233.98 89.058-323.076 0-89.062-89.042-89.062-233.922 0-322.978 0.304-0.304 0.604-0.582 0.888-0.846l-0.046-0.060 409.28-409.166c53.712-53.738 141.144-53.738 194.886 0 53.712 53.734 53.712 141.148 0 194.84l-389.772 389.7c-17.936 17.922-47.054 17.922-64.972 0-17.894-17.886-17.894-47.032 0-64.92l324.806-324.782z"
        ],
        "attrs": [],
        "isMulticolor": false,
        "tags": [
          "attachment",
          "paperclip"
        ],
        "grid": 16
      },
      "attrs": [],
      "properties": {
        "order": 68,
        "prevSize": 16,
        "ligatures": "attachment, paperclip",
        "name": "attachment",
        "id": 206,
        "code": 59693
      },
      "setIdx": 0,
      "setId": 0,
      "iconIdx": 205
    },
    {
      "icon": {
        "paths": [
          "M512 192c-223.318 0-416.882 130.042-512 320 95.118 189.958 288.682 320 512 320 223.312 0 416.876-130.042 512-320-95.116-189.958-288.688-320-512-320zM764.45 361.704c60.162 38.374 111.142 89.774 149.434 150.296-38.292 60.522-89.274 111.922-149.436 150.296-75.594 48.218-162.89 73.704-252.448 73.704-89.56 0-176.858-25.486-252.452-73.704-60.158-38.372-111.138-89.772-149.432-150.296 38.292-60.524 89.274-111.924 149.434-150.296 3.918-2.5 7.876-4.922 11.86-7.3-9.96 27.328-15.41 56.822-15.41 87.596 0 141.382 114.616 256 256 256 141.382 0 256-114.618 256-256 0-30.774-5.452-60.268-15.408-87.598 3.978 2.378 7.938 4.802 11.858 7.302v0zM512 416c0 53.020-42.98 96-96 96s-96-42.98-96-96 42.98-96 96-96 96 42.982 96 96z"
        ],
        "attrs": [],
        "isMulticolor": false,
        "tags": [
          "eye",
          "views",
          "vision",
          "visit"
        ],
        "grid": 16
      },
      "attrs": [],
      "properties": {
        "order": 40,
        "prevSize": 16,
        "ligatures": "eye, views",
        "name": "eye",
        "id": 207,
        "code": 59694
      },
      "setIdx": 0,
      "setId": 0,
      "iconIdx": 206
    },
    {
      "icon": {
        "paths": [
          "M1024 128h-128v-128h-128v128h-128v128h128v128h128v-128h128z",
          "M863.862 446.028c18.436 20.478 35.192 42.53 50.022 65.972-38.292 60.522-89.274 111.922-149.436 150.296-75.594 48.218-162.89 73.704-252.448 73.704-89.56 0-176.86-25.486-252.454-73.704-60.156-38.372-111.136-89.772-149.43-150.296 38.292-60.524 89.274-111.924 149.434-150.296 3.918-2.5 7.876-4.922 11.862-7.3-9.962 27.328-15.412 56.822-15.412 87.596 0 141.382 114.616 256 256 256 141.38 0 256-114.618 256-256 0-0.692-0.018-1.38-0.024-2.072-109.284-28.138-190.298-126.63-191.932-244.31-21.026-2.38-42.394-3.618-64.044-3.618-223.318 0-416.882 130.042-512 320 95.118 189.958 288.682 320 512 320 223.31 0 416.876-130.042 512-320-17.64-35.23-38.676-68.394-62.65-99.054-29.28 17.178-62.272 28.71-97.488 33.082zM416 320c53.020 0 96 42.982 96 96 0 53.020-42.98 96-96 96s-96-42.98-96-96 42.98-96 96-96z"
        ],
        "attrs": [],
        "isMulticolor": false,
        "tags": [
          "eye-plus",
          "views",
          "vision",
          "visit"
        ],
        "grid": 16
      },
      "attrs": [],
      "properties": {
        "order": 41,
        "prevSize": 16,
        "ligatures": "eye-plus, views2",
        "name": "eye-plus",
        "id": 208,
        "code": 59695
      },
      "setIdx": 0,
      "setId": 0,
      "iconIdx": 207
    },
    {
      "icon": {
        "paths": [
          "M992 384h-352v-352c0-17.672-14.328-32-32-32h-192c-17.672 0-32 14.328-32 32v352h-352c-17.672 0-32 14.328-32 32v192c0 17.672 14.328 32 32 32h352v352c0 17.672 14.328 32 32 32h192c17.672 0 32-14.328 32-32v-352h352c17.672 0 32-14.328 32-32v-192c0-17.672-14.328-32-32-32z"
        ],
        "attrs": [],
        "isMulticolor": false,
        "tags": [
          "plus",
          "add",
          "sum"
        ],
        "grid": 16
      },
      "attrs": [],
      "properties": {
        "order": 42,
        "prevSize": 16,
        "ligatures": "plus, add",
        "name": "plus",
        "id": 267,
        "code": 59696
      },
      "setIdx": 0,
      "setId": 0,
      "iconIdx": 266
    },
    {
      "icon": {
        "paths": [
          "M0 416v192c0 17.672 14.328 32 32 32h960c17.672 0 32-14.328 32-32v-192c0-17.672-14.328-32-32-32h-960c-17.672 0-32 14.328-32 32z"
        ],
        "attrs": [],
        "isMulticolor": false,
        "tags": [
          "minus",
          "subtract",
          "minimize",
          "line"
        ],
        "grid": 16
      },
      "attrs": [],
      "properties": {
        "order": 43,
        "prevSize": 16,
        "ligatures": "minus, subtract",
        "name": "minus",
        "id": 268,
        "code": 59697
      },
      "setIdx": 0,
      "setId": 0,
      "iconIdx": 267
    },
    {
      "icon": {
        "paths": [
          "M512 0c-282.77 0-512 229.23-512 512s229.23 512 512 512 512-229.23 512-512-229.23-512-512-512zM512 928c-229.75 0-416-186.25-416-416s186.25-416 416-416 416 186.25 416 416-186.25 416-416 416z",
          "M672 256l-160 160-160-160-96 96 160 160-160 160 96 96 160-160 160 160 96-96-160-160 160-160z"
        ],
        "attrs": [],
        "isMulticolor": false,
        "tags": [
          "cancel-circle",
          "close",
          "remove",
          "delete"
        ],
        "grid": 16
      },
      "attrs": [],
      "properties": {
        "order": 44,
        "prevSize": 16,
        "ligatures": "cancel-circle, close",
        "name": "cancel-circle",
        "id": 270,
        "code": 59698
      },
      "setIdx": 0,
      "setId": 0,
      "iconIdx": 269
    },
    {
      "icon": {
        "paths": [
          "M397.434 917.696l-397.868-391.6 197.378-194.27 200.49 197.332 429.62-422.852 197.378 194.27-626.998 617.12zM107.912 526.096l289.524 284.962 518.656-510.482-89.036-87.632-429.62 422.852-200.49-197.334-89.034 87.634z"
        ],
        "attrs": [],
        "isMulticolor": false,
        "tags": [
          "checkmark",
          "tick",
          "correct",
          "accept",
          "ok"
        ],
        "grid": 16
      },
      "attrs": [],
      "properties": {
        "order": 45,
        "prevSize": 16,
        "ligatures": "checkmark2, tick2",
        "name": "checkmark2",
        "id": 274,
        "code": 59699
      },
      "setIdx": 0,
      "setId": 0,
      "iconIdx": 273
    },
    {
      "icon": {
        "paths": [
          "M128 256h128v192h64v-384c0-35.2-28.8-64-64-64h-128c-35.2 0-64 28.8-64 64v384h64v-192zM128 64h128v128h-128v-128zM960 64v-64h-192c-35.202 0-64 28.8-64 64v320c0 35.2 28.798 64 64 64h192v-64h-192v-320h192zM640 160v-96c0-35.2-28.8-64-64-64h-192v448h192c35.2 0 64-28.8 64-64v-96c0-35.2-8.8-64-44-64 35.2 0 44-28.8 44-64zM576 384h-128v-128h128v128zM576 192h-128v-128h128v128zM832 576l-416 448-224-288 82-70 142 148 352-302z"
        ],
        "attrs": [],
        "isMulticolor": false,
        "tags": [
          "spell-check",
          "spelling",
          "correct"
        ],
        "grid": 16
      },
      "attrs": [],
      "properties": {
        "order": 14,
        "prevSize": 16,
        "ligatures": "spell-check, spelling",
        "name": "spell-check",
        "id": 275,
        "code": 59660
      },
      "setIdx": 0,
      "setId": 0,
      "iconIdx": 274
    },
    {
      "icon": {
        "paths": [
          "M0 512c0 282.77 229.23 512 512 512s512-229.23 512-512-229.23-512-512-512-512 229.23-512 512zM928 512c0 229.75-186.25 416-416 416s-416-186.25-416-416 186.25-416 416-416 416 186.25 416 416z",
          "M706.744 669.256l90.512-90.512-285.256-285.254-285.254 285.256 90.508 90.508 194.746-194.744z"
        ],
        "attrs": [],
        "isMulticolor": false,
        "tags": [
          "circle-up",
          "up",
          "circle-top",
          "arrow"
        ],
        "grid": 16
      },
      "attrs": [],
      "properties": {
        "order": 46,
        "prevSize": 16,
        "ligatures": "circle-up, up3",
        "name": "circle-up",
        "id": 322,
        "code": 59700
      },
      "setIdx": 0,
      "setId": 0,
      "iconIdx": 321
    },
    {
      "icon": {
        "paths": [
          "M512 0c-282.77 0-512 229.23-512 512s229.23 512 512 512 512-229.23 512-512-229.23-512-512-512zM512 928c-229.75 0-416-186.25-416-416s186.25-416 416-416 416 186.25 416 416-186.25 416-416 416z",
          "M354.744 706.744l90.512 90.512 285.254-285.256-285.256-285.254-90.508 90.508 194.744 194.746z"
        ],
        "attrs": [],
        "isMulticolor": false,
        "tags": [
          "circle-right",
          "right",
          "circle-next",
          "arrow"
        ],
        "grid": 16
      },
      "attrs": [],
      "properties": {
        "order": 47,
        "prevSize": 16,
        "ligatures": "circle-right, right5",
        "name": "circle-right",
        "id": 323,
        "code": 59701
      },
      "setIdx": 0,
      "setId": 0,
      "iconIdx": 322
    },
    {
      "icon": {
        "paths": [
          "M1024 512c0-282.77-229.23-512-512-512s-512 229.23-512 512 229.23 512 512 512 512-229.23 512-512zM96 512c0-229.75 186.25-416 416-416s416 186.25 416 416-186.25 416-416 416-416-186.25-416-416z",
          "M317.256 354.744l-90.512 90.512 285.256 285.254 285.254-285.256-90.508-90.508-194.746 194.744z"
        ],
        "attrs": [],
        "isMulticolor": false,
        "tags": [
          "circle-down",
          "down",
          "circle-bottom",
          "arrow"
        ],
        "grid": 16
      },
      "attrs": [],
      "properties": {
        "order": 48,
        "prevSize": 16,
        "ligatures": "circle-down, down3",
        "name": "circle-down",
        "id": 324,
        "code": 59702
      },
      "setIdx": 0,
      "setId": 0,
      "iconIdx": 323
    },
    {
      "icon": {
        "paths": [
          "M512 1024c282.77 0 512-229.23 512-512s-229.23-512-512-512-512 229.23-512 512 229.23 512 512 512zM512 96c229.75 0 416 186.25 416 416s-186.25 416-416 416-416-186.25-416-416 186.25-416 416-416z",
          "M669.256 317.256l-90.512-90.512-285.254 285.256 285.256 285.254 90.508-90.508-194.744-194.746z"
        ],
        "attrs": [],
        "isMulticolor": false,
        "tags": [
          "circle-left",
          "left",
          "circle-previous",
          "arrow"
        ],
        "grid": 16
      },
      "attrs": [],
      "properties": {
        "order": 49,
        "prevSize": 16,
        "ligatures": "circle-left, left5",
        "name": "circle-left",
        "id": 325,
        "code": 59703
      },
      "setIdx": 0,
      "setId": 0,
      "iconIdx": 324
    },
    {
      "icon": {
        "paths": [
          "M896 0h-768c-70.4 0-128 57.6-128 128v768c0 70.4 57.6 128 128 128h768c70.4 0 128-57.6 128-128v-768c0-70.4-57.6-128-128-128zM448 794.51l-237.254-237.256 90.51-90.508 146.744 146.744 306.746-306.746 90.508 90.51-397.254 397.256z"
        ],
        "attrs": [],
        "isMulticolor": false,
        "tags": [
          "checkbox-checked",
          "checkbox",
          "tick",
          "checked",
          "selected"
        ],
        "grid": 16
      },
      "attrs": [],
      "properties": {
        "order": 50,
        "prevSize": 16,
        "ligatures": "checkbox-checked, checkbox",
        "name": "checkbox-checked",
        "id": 339,
        "code": 59704
      },
      "setIdx": 0,
      "setId": 0,
      "iconIdx": 338
    },
    {
      "icon": {
        "paths": [
          "M896 0h-768c-70.4 0-128 57.6-128 128v768c0 70.4 57.6 128 128 128h768c70.4 0 128-57.6 128-128v-768c0-70.4-57.6-128-128-128zM896 896h-768v-768h768v768z"
        ],
        "attrs": [],
        "isMulticolor": false,
        "tags": [
          "checkbox-unchecked",
          "checkbox",
          "unchecked",
          "square"
        ],
        "grid": 16
      },
      "attrs": [],
      "properties": {
        "order": 51,
        "prevSize": 16,
        "ligatures": "checkbox-unchecked, checkbox2",
        "name": "checkbox-unchecked",
        "id": 340,
        "code": 59705
      },
      "setIdx": 0,
      "setId": 0,
      "iconIdx": 339
    },
    {
      "icon": {
        "paths": [
          "M512 0c-282.77 0-512 229.23-512 512s229.23 512 512 512 512-229.23 512-512-229.23-512-512-512zM512 896c-212.078 0-384-171.922-384-384s171.922-384 384-384c212.078 0 384 171.922 384 384s-171.922 384-384 384zM320 512c0-106.039 85.961-192 192-192s192 85.961 192 192c0 106.039-85.961 192-192 192s-192-85.961-192-192z"
        ],
        "attrs": [],
        "isMulticolor": false,
        "tags": [
          "radio-checked",
          "radio-button"
        ],
        "grid": 16
      },
      "attrs": [],
      "properties": {
        "order": 52,
        "prevSize": 16,
        "ligatures": "radio-checked, radio-button",
        "name": "radio-checked",
        "id": 341,
        "code": 59706
      },
      "setIdx": 0,
      "setId": 0,
      "iconIdx": 340
    },
    {
      "icon": {
        "paths": [
          "M512 0c-282.77 0-512 229.23-512 512s229.23 512 512 512 512-229.23 512-512-229.23-512-512-512zM512 640c-70.692 0-128-57.306-128-128 0-70.692 57.308-128 128-128 70.694 0 128 57.308 128 128 0 70.694-57.306 128-128 128z"
        ],
        "attrs": [],
        "isMulticolor": false,
        "tags": [
          "radio-checked",
          "radio-button"
        ],
        "grid": 16
      },
      "attrs": [],
      "properties": {
        "order": 53,
        "prevSize": 16,
        "ligatures": "radio-checked2, radio-button2",
        "name": "radio-checked2",
        "id": 342,
        "code": 59707
      },
      "setIdx": 0,
      "setId": 0,
      "iconIdx": 341
    },
    {
      "icon": {
        "paths": [
          "M512 0c-282.77 0-512 229.23-512 512s229.23 512 512 512 512-229.23 512-512-229.23-512-512-512zM512 896c-212.078 0-384-171.922-384-384s171.922-384 384-384c212.078 0 384 171.922 384 384s-171.922 384-384 384z"
        ],
        "attrs": [],
        "isMulticolor": false,
        "tags": [
          "radio-unchecked",
          "radio-button",
          "circle"
        ],
        "grid": 16
      },
      "attrs": [],
      "properties": {
        "order": 54,
        "prevSize": 16,
        "ligatures": "radio-unchecked, radio-button3",
        "name": "radio-unchecked",
        "id": 343,
        "code": 59708
      },
      "setIdx": 0,
      "setId": 0,
      "iconIdx": 342
    },
    {
      "icon": {
        "paths": [
          "M832 256l192-192-64-64-192 192h-448v-192h-128v192h-192v128h192v512h512v192h128v-192h192v-128h-192v-448zM320 320h320l-320 320v-320zM384 704l320-320v320h-320z"
        ],
        "attrs": [],
        "isMulticolor": false,
        "tags": [
          "crop",
          "resize",
          "cut"
        ],
        "grid": 16
      },
      "attrs": [],
      "properties": {
        "order": 55,
        "prevSize": 16,
        "ligatures": "crop, resize",
        "name": "crop",
        "id": 344,
        "code": 59709
      },
      "setIdx": 0,
      "setId": 0,
      "iconIdx": 343
    },
    {
      "icon": {
        "paths": [
          "M0 64v896h1024v-896h-1024zM384 640v-192h256v192h-256zM640 704v192h-256v-192h256zM640 192v192h-256v-192h256zM320 192v192h-256v-192h256zM64 448h256v192h-256v-192zM704 448h256v192h-256v-192zM704 384v-192h256v192h-256zM64 704h256v192h-256v-192zM704 896v-192h256v192h-256z"
        ],
        "attrs": [],
        "isMulticolor": false,
        "tags": [
          "table",
          "wysiwyg"
        ],
        "grid": 16
      },
      "attrs": [],
      "properties": {
        "order": 59,
        "prevSize": 16,
        "ligatures": "table2, wysiwyg19",
        "name": "table2",
        "id": 370,
        "code": 59710
      },
      "setIdx": 0,
      "setId": 0,
      "iconIdx": 369
    },
    {
      "icon": {
        "paths": [
          "M791.498 544.092c-1.294-129.682 105.758-191.876 110.542-194.966-60.152-88.020-153.85-100.078-187.242-101.472-79.742-8.074-155.596 46.948-196.066 46.948-40.368 0-102.818-45.754-168.952-44.552-86.916 1.292-167.058 50.538-211.812 128.38-90.304 156.698-23.126 388.84 64.89 515.926 43.008 62.204 94.292 132.076 161.626 129.58 64.842-2.588 89.362-41.958 167.756-41.958s100.428 41.958 169.050 40.67c69.774-1.296 113.982-63.398 156.692-125.796 49.39-72.168 69.726-142.038 70.924-145.626-1.548-0.706-136.060-52.236-137.408-207.134zM662.562 163.522c35.738-43.358 59.86-103.512 53.28-163.522-51.478 2.096-113.878 34.29-150.81 77.55-33.142 38.376-62.148 99.626-54.374 158.436 57.466 4.484 116.128-29.204 151.904-72.464z"
        ],
        "attrs": [],
        "isMulticolor": false,
        "tags": [
          "apple",
          "brand"
        ],
        "grid": 16
      },
      "attrs": [],
      "properties": {
        "order": 3,
        "prevSize": 16,
        "ligatures": "apple, brand53",
        "name": "appleinc",
        "id": 447,
        "code": 59651
      },
      "setIdx": 0,
      "setId": 0,
      "iconIdx": 446
    },
    {
      "icon": {
        "paths": [
          "M896 384c-35.2 0-64 28.8-64 64v256c0 35.2 28.8 64 64 64s64-28.8 64-64v-256c0-35.2-28.8-64-64-64zM128 384c-35.2 0-64 28.8-64 64v256c0 35.2 28.8 64 64 64s64-28.8 64-64v-256c0-35.2-28.802-64-64-64zM224 736c0 53.020 42.98 96 96 96v0 128c0 35.2 28.8 64 64 64s64-28.8 64-64v-128h128v128c0 35.2 28.8 64 64 64s64-28.8 64-64v-128c53.020 0 96-42.98 96-96v-352h-576v352z",
          "M798.216 320.002c-9.716-87.884-59.004-163.792-129.62-209.646l32.024-64.046c7.904-15.806 1.496-35.028-14.31-42.932s-35.030-1.496-42.932 14.312l-32.142 64.286-8.35-3.316c-28.568-9.502-59.122-14.66-90.886-14.66-31.762 0-62.316 5.158-90.888 14.656l-8.348 3.316-32.142-64.282c-7.904-15.808-27.128-22.212-42.932-14.312-15.808 7.904-22.214 27.126-14.312 42.932l32.022 64.046c-70.616 45.852-119.904 121.762-129.622 209.644v32h574.222v-31.998h-1.784zM416 256c-17.674 0-32-14.328-32-32 0-17.648 14.288-31.958 31.93-31.996 0.032 0 0.062 0.002 0.094 0.002 0.018 0 0.036-0.002 0.052-0.002 17.638 0.042 31.924 14.35 31.924 31.996 0 17.672-14.326 32-32 32zM608 256c-17.674 0-32-14.328-32-32 0-17.646 14.286-31.954 31.924-31.996 0.016 0 0.034 0.002 0.050 0.002 0.032 0 0.064-0.002 0.096-0.002 17.64 0.038 31.93 14.348 31.93 31.996 0 17.672-14.326 32-32 32z"
        ],
        "attrs": [],
        "isMulticolor": false,
        "tags": [
          "android",
          "brand",
          "os",
          "mobile"
        ],
        "grid": 16
      },
      "attrs": [],
      "properties": {
        "order": 58,
        "prevSize": 16,
        "ligatures": "android, brand55",
        "name": "android",
        "id": 449,
        "code": 59711
      },
      "setIdx": 0,
      "setId": 0,
      "iconIdx": 448
    },
    {
      "icon": {
        "paths": [
          "M412.23 511.914c-47.708-24.518-94.086-36.958-137.88-36.958-5.956 0-11.952 0.18-17.948 0.708-55.88 4.624-106.922 19.368-139.75 30.828-8.708 3.198-17.634 6.576-26.83 10.306l-89.822 311.394c61.702-22.832 116.292-33.938 166.27-33.938 80.846 0 139.528 30.208 187.992 61.304 22.962-77.918 78.044-266.090 94.482-322.324-11.95-7.284-24.076-14.57-36.514-21.32zM528.348 591.070l-90.446 314.148c26.832 15.372 117.098 64.050 186.212 64.050 55.792 0 118.252-14.296 190.834-43.792l86.356-301.976c-58.632 18.922-114.876 28.52-167.464 28.52-95.95 0-163.114-31.098-205.492-60.95zM292.822 368.79c77.118 0.798 134.152 30.208 181.416 60.502l92.752-317.344c-19.546-11.196-70.806-39.094-107.858-48.6-24.386-5.684-50.020-8.616-77.204-8.616-51.796 0.976-108.388 13.946-172.888 39.8l-88.44 310.596c64.808-24.436 120.644-36.34 172.086-36.34 0.046 0.002 0.136 0.002 0.136 0.002zM1024 198.124c-58.814 22.832-116.208 34.466-171.028 34.466-91.686 0-159.292-31.802-203.094-62.366l-91.95 318.236c61.746 39.708 128.29 59.878 198.122 59.878 56.948 0 115.94-13.68 175.462-40.688l-0.182-2.222 3.734-0.886 88.936-306.418z"
        ],
        "attrs": [],
        "isMulticolor": false,
        "tags": [
          "windows",
          "brand",
          "os"
        ],
        "grid": 16
      },
      "attrs": [],
      "properties": {
        "order": 56,
        "prevSize": 16,
        "ligatures": "windows, brand56",
        "name": "windows",
        "id": 450,
        "code": 59712
      },
      "setIdx": 0,
      "setId": 0,
      "iconIdx": 449
    },
    {
      "icon": {
        "paths": [
          "M0.35 512l-0.35-312.074 384-52.144v364.218zM448 138.482l511.872-74.482v448h-511.872zM959.998 576l-0.126 448-511.872-72.016v-375.984zM384 943.836l-383.688-52.594-0.020-315.242h383.708z"
        ],
        "attrs": [],
        "isMulticolor": false,
        "tags": [
          "windows8",
          "brand",
          "os"
        ],
        "grid": 16
      },
      "attrs": [],
      "properties": {
        "order": 57,
        "prevSize": 16,
        "ligatures": "windows8, brand57",
        "name": "windows8",
        "id": 451,
        "code": 59713
      },
      "setIdx": 0,
      "setId": 0,
      "iconIdx": 450
    }
  ],
  "height": 1024,
  "metadata": {
    "name": "icomoon"
  },
  "preferences": {
    "showGlyphs": true,
    "showQuickUse": true,
    "showQuickUse2": true,
    "showSVGs": true,
    "fontPref": {
      "prefix": "icon-",
      "metadata": {
        "fontFamily": "icomoon"
      },
      "metrics": {
        "emSize": 1024,
        "baseline": 6.25,
        "whitespace": 50
      },
      "embed": false
    },
    "imagePref": {
      "prefix": "icon-",
      "png": true,
      "useClassSelector": true,
      "color": 0,
      "bgColor": 16777215,
      "classSelector": ".icon"
    },
    "historySize": 100,
    "showCodes": true,
    "gridSize": 16
  }
}